"ID","ans_ratio","ans_rt","ans_acc","ans_switch","applied_problems"
"p1_12",1.11,0.829689740666667,0.541666666666667,1.42129629633333,106
"p1_12",1.14,0.783488336666667,0.515873015666667,1.25264550266667,106
"p1_12",1.2,0.860602887666667,0.778439153333333,1.468253968,106
"p1_12",1.25,0.739706337333333,0.607142857,1.242063492,106
"p1_12",1.33,0.810589810333333,0.916666666666667,1.31481481466667,106
"p1_14",1.11,1.32994270733333,0.681481481333333,2.38148148133333,102
"p1_14",1.14,1.28215813333333,0.7,2.36666666666667,102
"p1_14",1.2,1.214588375,0.591666666666667,2.225,102
"p1_14",1.25,1.12522429266667,0.925925926,2.225,102
"p1_14",1.33,1.125036211,0.859259259333333,2.174074074,102
"p1_15",1.11,2.04634364166667,0.733333333333333,2.04166666666667,106
"p1_15",1.14,2.01539510733333,0.859259259333333,2.09629629633333,106
"p1_15",1.2,2.02886734633333,0.896296296333333,1.86851851866667,106
"p1_15",1.25,1.977634563,0.929629629666667,2.348148148,106
"p1_15",1.33,2.00578765933333,1,2.148148148,106
"p1_16",1.11,0.699853916666667,0.625,1.54166666666667,116
"p1_16",1.14,0.675224155,0.678571428333333,1.54761904766667,116
"p1_16",1.2,0.70044123,0.793650793666667,1.36507936533333,116
"p1_16",1.25,0.688849555666667,0.916666666666667,1.55555555566667,116
"p1_16",1.33,0.725883733333333,0.740740740666667,1.79259259266667,116
"p1_17",1.11,1.376490137,0.681481481333333,2.062962963,102
"p1_17",1.14,1.33424286666667,0.766666666666667,2.148148148,102
"p1_17",1.2,1.314779,0.666666666666667,1.93333333333333,102
"p1_17",1.25,1.2964023,0.7,1.96666666666667,102
"p1_17",1.33,1.28538428533333,0.674074074333333,2.111111111,102
"p1_18",1.11,1.034592089,0.722222222333333,2.311111111,108
"p1_18",1.14,1.00108636666667,0.766666666666667,2.43333333333333,108
"p1_18",1.2,0.959883033333333,0.866666666666667,2.23333333333333,108
"p1_18",1.25,0.913573781333333,0.892592592666667,2.274074074,108
"p1_18",1.33,0.838487,0.966666666666667,1.86666666666667,108
"p1_19",1.11,0.661537633333333,0.45,1.4,111
"p1_19",1.14,0.684420311,0.725,1.20555555566667,111
"p1_19",1.2,0.71480475,0.222222222333333,1.25,111
"p1_19",1.25,0.739456977666667,0.433333333333333,1.26666666666667,111
"p1_19",1.33,0.754681722333333,0.611111111333333,1.22222222233333,111
"p1_21",1.11,0.872657466666667,0.466666666666667,1.76666666666667,97
"p1_21",1.14,0.872080529666667,0.611111111333333,1.64444444466667,97
"p1_21",1.2,0.813511411333333,0.859259259333333,1.596296296,97
"p1_21",1.25,0.841288222333333,0.796296296333333,1.72222222233333,97
"p1_21",1.33,0.845420579,1,1.84722222233333,97
"p1_22",1.11,1.14735365933333,0.685185185333333,2.24444444433333,115
"p1_22",1.14,1.183296011,0.862962963,2.27777777766667,115
"p1_22",1.2,1.0407577,0.866666666666667,2.1,115
"p1_22",1.25,1.101598,0.933333333333333,2.1,115
"p1_22",1.33,1.090070089,0.933333333333333,2.174074074,115
"p1_23",1.11,1.05780688433333,0.523148148,1.56018518533333,115
"p1_23",1.14,1.027368511,0.577777777666667,1.69629629633333,115
"p1_23",1.2,1.04341170466667,0.709523809333333,1.576190476,115
"p1_23",1.25,1.105401032,0.708994709,1.84126984133333,115
"p1_23",1.33,1.034317387,0.85,1.56481481466667,115
"p1_24",1.11,1.46471125566667,0.618518518666667,2.26666666666667,113
"p1_24",1.14,1.35508038133333,0.718518518666667,2.06666666666667,113
"p1_24",1.2,1.17425130366667,0.892592592666667,1.825925926,113
"p1_24",1.25,1.276850852,0.887962963,2.10833333333333,113
"p1_24",1.33,1.19516863333333,0.925925926,2.04444444433333,113
"p1_26",1.11,0.915589966666667,0.9,1.96666666666667,110
"p1_26",1.14,0.921254166666667,0.8,2,110
"p1_26",1.2,0.9060671,0.75,1.78333333333333,110
"p1_26",1.25,0.942867466666667,0.9,1.93333333333333,110
"p1_26",1.33,0.883593794333333,0.888888889,1.70555555566667,110
"p1_27",1.11,1.07052043333333,0.566666666666667,2,111
"p1_27",1.14,0.733183694333333,0.902777777666667,1.27777777766667,111
"p1_27",1.2,0.838947034666667,0.841269841333333,1.75873015866667,111
"p1_27",1.25,0.84112,0.833333333333333,1.66666666666667,111
"p1_27",1.33,0.757190055666667,0.952380952333333,1.27380952366667,111
"p1_28",1.11,0.916442226,0.655555555666667,1.79259259266667,109
"p1_28",1.14,0.924611344333333,0.722222222333333,1.58518518533333,109
"p1_28",1.2,0.859707852,0.685185185333333,1.85555555566667,109
"p1_28",1.25,0.864683570333333,0.688888889,1.61851851866667,109
"p1_28",1.33,0.942006092666667,0.759259259333333,1.74074074066667,109
"p1_30",1.11,1.43334736666667,0.733333333333333,2.53333333333333,111
"p1_30",1.14,1.37131021866667,0.792592592666667,2.55555555566667,111
"p1_30",1.2,1.349868626,0.933333333333333,2.348148148,111
"p1_30",1.25,1.33557543333333,0.933333333333333,2.33333333333333,111
"p1_30",1.33,1.18094483333333,0.966666666666667,2.33333333333333,111
"p1_31",1.11,1.69811830366667,0.751851852,2.751851852,113
"p1_31",1.14,1.83966636666667,0.633333333333333,2.76666666666667,113
"p1_31",1.2,1.73578253333333,0.816666666666667,2.84166666666667,113
"p1_31",1.25,1.679057326,0.792592592666667,2.75925925933333,113
"p1_31",1.33,1.58169104033333,0.952380952333333,2.511904762,113
"p1_32",1.11,0.673579281333333,0.685185185333333,1.44444444433333,104
"p1_32",1.14,0.617430377666667,0.635185185333333,1.26574074066667,104
"p1_32",1.2,0.5832339,0.625,1.4,104
"p1_32",1.25,0.633035670333333,0.777777778,1.35555555533333,104
"p1_32",1.33,0.586343595333333,0.645238095333333,1.286904762,104
"p1_33",1.11,1.05108407766667,0.666666666666667,2.1,118
"p1_33",1.14,0.941062344333333,0.659259259333333,1.86666666666667,118
"p1_33",1.2,0.905611439666667,0.763888889,1.95833333333333,118
"p1_33",1.25,0.974058511,0.929629629666667,1.925925926,118
"p1_33",1.33,0.8759304,0.866666666666667,1.76666666666667,118
"p1_34",1.11,1.15247725,0.472222222333333,1.72222222233333,123
"p1_34",1.14,1.137150764,0.722222222333333,1.611111111,123
"p1_34",1.2,1.12101866666667,0.6,2,123
"p1_34",1.25,1.08222912866667,0.723809523666667,1.457142857,123
"p1_34",1.33,1.041120774,0.625925926,1.4,123
"p1_35",1.11,0.636383116666667,0.716666666666667,0.85,118
"p1_35",1.14,0.666265833333333,0.638888889,1.19444444433333,118
"p1_35",1.2,0.604302244333333,0.672222222333333,1.21666666666667,118
"p1_35",1.25,0.7027903,0.733333333333333,0.888888889,118
"p1_35",1.33,0.745021972333333,0.666666666666667,1.33333333333333,118
"p1_36",1.11,1.22464905566667,0.748148148333333,3.037037037,113
"p1_36",1.14,1.281249563,0.696296296333333,2.72222222233333,113
"p1_36",1.2,1.34920502966667,0.781481481666667,2.71851851866667,113
"p1_36",1.25,1.19603700366667,0.933333333333333,2.7,113
"p1_36",1.33,1.1901005,0.966666666666667,2.6,113
"p1_37",1.11,1.32783347766667,0.718518518666667,1.548148148,108
"p1_37",1.14,1.23640275,0.725,1.5,108
"p1_37",1.2,1.154657285,0.818518518666667,1.39259259233333,108
"p1_37",1.25,1.17215797033333,0.814814815,1.46666666666667,108
"p1_37",1.33,1.17029520566667,0.851851852,1.44722222233333,108
"p1_38",1.11,0.704163805666667,0.426587301333333,1.31746031766667,109
"p1_38",1.14,0.683010695333333,0.811640211666667,1.24656084666667,109
"p1_38",1.2,0.762190756,0.702380952333333,1.42857142866667,109
"p1_38",1.25,0.734182266666667,0.822222222333333,1.2,109
"p1_38",1.33,0.699553952333333,0.833333333333333,1.42063492066667,109
"p1_39",1.11,0.771926051,0.643518518666667,1.476851852,108
"p1_39",1.14,0.799414435333333,0.620370370333333,1.81944444466667,108
"p1_39",1.2,0.777609988,0.648809523666667,1.607142857,108
"p1_39",1.25,0.778682837333333,0.849206349,1.50992063466667,108
"p1_39",1.33,0.720046527666667,0.763888889,1.40277777766667,108
"p1_40",1.11,1.217898619,0.597883597666667,2.04761904766667,106
"p1_40",1.14,1.2064367,0.833333333333333,2,106
"p1_40",1.2,1.25119585566667,0.725925926,1.95555555566667,106
"p1_40",1.25,1.20760146466667,0.847222222333333,2.05370370366667,106
"p1_40",1.33,1.16120315833333,0.883333333333333,2.05833333333333,106
"p1_41",1.11,0.978662792666667,0.711111111333333,1.714814815,127
"p1_41",1.14,0.939150614666667,0.651851852,1.640740741,127
"p1_41",1.2,0.941723685333333,0.829629629666667,1.8,127
"p1_41",1.25,0.846780025,0.741666666666667,1.64166666666667,127
"p1_41",1.33,0.9054379,0.766666666666667,1.66666666666667,127
"p1_42",1.11,0.981267129666667,0.419444444333333,1.92129629633333,94
"p1_42",1.14,0.920041879666667,0.759259259333333,1.61574074066667,94
"p1_42",1.2,0.932090144333333,0.570370370333333,1.788888889,94
"p1_42",1.25,0.946597486,0.884259259333333,1.79722222233333,94
"p1_42",1.33,0.851523328333333,0.698412698333333,1.50264550233333,94
"p1_43",1.11,0.941695596333333,0.651851852,1.44444444433333,106
"p1_43",1.14,0.9334245,0.625,1.58333333333333,106
"p1_43",1.2,0.901608973,0.892592592666667,1.551851852,106
"p1_43",1.25,0.966231558333333,0.866666666666667,1.61666666666667,106
"p1_43",1.33,0.890027933333333,0.9,1.5,106
"p1_45",1.11,1.23041574066667,0.755555555666667,2.20370370366667,118
"p1_45",1.14,1.14779633333333,0.733333333333333,2,118
"p1_45",1.2,1.15831044066667,0.829629629666667,2.074074074,118
"p1_45",1.25,1.136736326,0.9,2.05925925933333,118
"p1_45",1.33,1.15731802233333,0.933333333333333,2.20370370366667,118
"p1_46",1.11,1.69334356666667,0.866666666666667,2.2,115
"p1_46",1.14,1.65070106666667,0.833333333333333,2.225,115
"p1_46",1.2,1.628629801,0.759259259333333,2.111111111,115
"p1_46",1.25,1.67652305566667,0.962962963,2.38888888866667,115
"p1_46",1.33,1.58282498233333,1,2.38518518533333,115
"p1_47",1.11,1.25762478333333,0.75,2.08333333333333,120
"p1_47",1.14,1.27557044433333,0.725925926,2.037037037,120
"p1_47",1.2,1.18055624433333,0.855555555666667,2.06666666666667,120
"p1_47",1.25,1.13915517033333,0.859259259333333,1.888888889,120
"p1_47",1.33,1.210137425,0.925,2.09166666666667,120
"p1_48",1.11,1.05813163333333,0.633333333333333,2.03333333333333,123
"p1_48",1.14,1.02909777766667,0.855555555666667,2.14444444433333,123
"p1_48",1.2,1.01918716666667,0.733333333333333,1.93333333333333,123
"p1_48",1.25,0.982034614666667,0.833333333333333,2.02962962966667,123
"p1_48",1.33,0.983808328666667,0.958333333333333,2.03240740733333,123
"p1_50",1.11,1.143820189,0.514814814666667,1.99259259266667,92
"p1_50",1.14,1.1157462,0.666666666666667,2.23333333333333,92
"p1_50",1.2,1.193459248,0.622222222333333,2.174074074,92
"p1_50",1.25,1.15912261866667,0.822222222333333,2.137037037,92
"p1_50",1.33,1.057987037,0.929629629666667,1.95555555566667,92
"p1_51",1.11,1.06195691433333,0.504761904666667,1.49047619033333,109
"p1_51",1.14,1.08232131666667,0.575,1.91666666666667,109
"p1_51",1.2,1.11050058266667,0.736772486666667,1.55357142866667,109
"p1_51",1.25,1.15462297133333,0.685714285666667,1.85238095233333,109
"p1_51",1.33,1.05891657733333,0.869047619,1.767857143,109
"p1_52",1.11,0.983805229666667,0.729629629666667,2.125925926,91
"p1_52",1.14,0.946024240666667,0.821296296333333,1.81851851866667,91
"p1_52",1.2,1.01644256666667,0.666666666666667,2.06666666666667,91
"p1_52",1.25,0.988450366666667,0.966666666666667,2.06666666666667,91
"p1_52",1.33,0.9623511,0.933333333333333,1.8,91
"p1_58",1.11,1.03061833333333,0.766666666666667,1.86666666666667,110
"p1_58",1.14,0.909542433333333,0.866666666666667,1.6,110
"p1_58",1.2,0.9413631,0.833333333333333,1.5,110
"p1_58",1.25,1.01881585833333,0.847222222333333,1.913888889,110
"p1_58",1.33,0.878642766666667,0.9,1.66666666666667,110
"p1_59",1.11,0.913322066666667,0.7,1.8,104
"p1_59",1.14,0.883100578,0.607407407666667,1.637037037,104
"p1_59",1.2,0.955263,0.633333333333333,1.8,104
"p1_59",1.25,0.982795926,0.925925926,1.85925925933333,104
"p1_59",1.33,0.869053311,0.892592592666667,1.30740740733333,104
"p1_60",1.11,0.859694233333333,0.7,1.5,89
"p1_60",1.14,0.862908916666667,0.708333333333333,1.69166666666667,89
"p1_60",1.2,0.7877759,0.933333333333333,1.4,89
"p1_60",1.25,0.820505718666667,0.725925926,1.58148148133333,89
"p1_60",1.33,0.788956977666667,0.825925926,1.66666666666667,89
"p1_61",1.11,1.05126483333333,0.666666666666667,1.76666666666667,92
"p1_61",1.14,1.04139556666667,0.8,1.86666666666667,92
"p1_61",1.2,1.05396354066667,0.751851852,1.93333333333333,92
"p1_61",1.25,0.987757433333333,0.933333333333333,1.86666666666667,92
"p1_61",1.33,1.05305624066667,0.833333333333333,1.962962963,92
"p1_62",1.11,0.773197707333333,0.592592592666667,1.86666666666667,91
"p1_62",1.14,0.757575533333333,0.6,1.7,91
"p1_62",1.2,0.730925629666667,0.722222222333333,1.548148148,91
"p1_62",1.25,0.720888466666667,0.7,1.76666666666667,91
"p1_62",1.33,0.733074466666667,0.8,1.66666666666667,91
"p1_63",1.11,0.7890211,0.733333333333333,1.66666666666667,115
"p1_63",1.14,0.7972263,0.666666666666667,1.66666666666667,115
"p1_63",1.2,0.782501755666667,0.777777778,1.57037037033333,115
"p1_63",1.25,0.7763286,0.833333333333333,1.66666666666667,115
"p1_63",1.33,0.7967157,0.866666666666667,1.66666666666667,115
"p1_64",1.11,1.178973548,0.718518518666667,1.80740740733333,127
"p1_64",1.14,1.1398741,0.662962963,1.75555555566667,127
"p1_64",1.2,1.09692683333333,0.916666666666667,1.46666666666667,127
"p1_64",1.25,1.160980837,0.966666666666667,1.78518518533333,127
"p1_64",1.33,1.0682866,0.966666666666667,1.53333333333333,127
"p1_65",1.11,0.981412344333333,0.762962963,1.90740740733333,97
"p1_65",1.14,1.00131710366667,0.896296296333333,2.137037037,97
"p1_65",1.2,0.968964466666667,0.966666666666667,2.16666666666667,97
"p1_65",1.25,0.980416314666667,0.892592592666667,2.211111111,97
"p1_65",1.33,0.8669467,1,1.7,97
"p1_66",1.11,0.886255666333333,0.851851852,1.703703704,105
"p1_66",1.14,0.924678237,0.862962963,1.84629629633333,105
"p1_66",1.2,0.8693897,0.8,1.43333333333333,105
"p1_66",1.25,0.872393766666667,0.851851852,1.68148148166667,105
"p1_66",1.33,0.809421933333333,0.866666666666667,1.5,105
"p1_67",1.11,0.898102711,0.648148148,1.44444444433333,109
"p1_67",1.14,0.927343333333333,0.666666666666667,1.46666666666667,109
"p1_67",1.2,0.9501218,0.833333333333333,1.63333333333333,109
"p1_67",1.25,0.839429366666667,0.9,1.5,109
"p1_67",1.33,0.818816829666667,0.829629629666667,1.37777777766667,109
"p1_68",1.11,0.721881326,0.559259259,0.944444444666667,117
"p1_68",1.14,0.694805033333333,0.633333333333333,0.9,117
"p1_68",1.2,0.6863039,0.866666666666667,0.833333333333333,117
"p1_68",1.25,0.711529718666667,0.892592592666667,1.06666666666667,117
"p1_68",1.33,0.712273066666667,0.8,1.06666666666667,117
"p1_69",1.11,0.894885,0.666666666666667,0.1,109
"p1_69",1.14,0.886058626,0.651851852,0.170370370333333,109
"p1_69",1.2,0.867838566666667,0.833333333333333,0.133333333333333,109
"p1_69",1.25,0.871601055333333,0.847222222333333,0.111111111,109
"p1_69",1.33,0.824414341,0.933333333333333,0.0703703703333333,109
"p1_70",1.11,0.863216037,0.748148148333333,1.21851851833333,98
"p1_70",1.14,0.850357485333333,0.751851852,1.40740740733333,98
"p1_70",1.2,0.841703666666667,0.666666666666667,1.333333333,98
"p1_70",1.25,0.867469333333333,0.8,1.5,98
"p1_70",1.33,0.783310466666667,0.833333333333333,1.23333333333333,98
"p1_71",1.11,0.693503,0.622222222333333,0.925925926,93
"p1_71",1.14,0.628024476333333,0.671428571333333,0.9,93
"p1_71",1.2,0.657085233333333,0.9,0.766666666666667,93
"p1_71",1.25,0.648433363,0.651851852,0.833333333333333,93
"p1_71",1.33,0.6417349,0.833333333333333,0.733333333333333,93
"p1_74",1.11,1.11412900733333,0.722222222333333,2.211111111,123
"p1_74",1.14,1.0620025,0.696296296333333,1.79259259266667,123
"p1_74",1.2,1.27556796666667,0.708333333333333,2.125,123
"p1_74",1.25,1.087328352,0.825925926,2.03333333333333,123
"p1_74",1.33,1.074777774,0.825925926,1.99629629633333,123
"p2_10",1.11,1.21221052233333,0.555555555666667,1.7,106
"p2_10",1.14,1.143109222,0.722222222333333,1.72222222233333,106
"p2_10",1.2,1.35182100033333,0.666666666666667,2,106
"p2_10",1.25,1.14242277766667,0.777777777666667,1.83333333333333,106
"p2_10",1.33,1.28915750033333,0.888888888666667,2,106
"p2_14",1.11,0.978161144333333,0.688888889,2.21111111133333,118
"p2_14",1.14,1.02342293333333,0.755555555333333,2.3,118
"p2_14",1.2,0.940845166666667,0.7,2.57777777766667,118
"p2_14",1.25,0.887873055333333,1,2.16666666666667,118
"p2_14",1.33,0.934109633333333,0.933333333333333,2.66666666666667,118
"p2_17",1.11,0.882079066666667,0.422222222333333,2.35555555566667,120
"p2_17",1.14,0.874468655666667,0.822222222,2.21111111133333,120
"p2_17",1.2,0.861421222333333,0.722222222333333,2.333333333,120
"p2_17",1.25,0.846953333333333,0.733333333333333,2.24444444433333,120
"p2_17",1.33,0.837718977666667,0.933333333333333,2.74444444433333,120
"p2_18",1.11,0.861117778,0.555555555666667,2.222222222,106
"p2_18",1.14,0.899720388666667,0.666666666666667,2.55555555566667,106
"p2_18",1.2,0.870367966666667,0.944444444333333,2.45555555566667,106
"p2_18",1.25,0.856109333333333,0.888888888666667,2.722222222,106
"p2_18",1.33,0.760575,0.866666666666667,2.71111111133333,106
"p2_20",1.11,1.11270842233333,0.577777777666667,0.788888889,101
"p2_20",1.14,1.023681889,0.666666666666667,1.277777778,101
"p2_20",1.2,1.084699611,0.777777778,1.38888888866667,101
"p2_20",1.25,0.930271866666667,0.866666666666667,1.05555555566667,101
"p2_20",1.33,1.017979511,0.822222222,1.26666666666667,101
"p2_22",1.11,0.711861466666667,0.477777777666667,0.422222222333333,109
"p2_22",1.14,0.764637511,0.644444444666667,0.355555555333333,109
"p2_22",1.2,0.741141111,0.666666667,0.5,109
"p2_22",1.25,0.742313388666667,0.777777777666667,0.444444444333333,109
"p2_22",1.33,0.769874333333333,0.722222222,0.333333333333333,109
"p2_25",1.11,1.50709533366667,0.611111111,2.5,113
"p2_25",1.14,1.390441278,0.888888888666667,2.55555555533333,113
"p2_25",1.2,1.22701244433333,0.777777778,2.05555555566667,113
"p2_25",1.25,1.169464833,1,1.888888889,113
"p2_25",1.33,1.18389344433333,0.944444444333333,2,113
"p2_26",1.11,1.03224911133333,0.588888888666667,2.81111111133333,106
"p2_26",1.14,0.895652055666667,0.888888888666667,2.77777777766667,106
"p2_26",1.2,0.9506834,0.666666666666667,2.45555555533333,106
"p2_26",1.25,0.996531889,0.833333333,2.83333333366667,106
"p2_26",1.33,0.924450611,0.933333333333333,2.96666666666667,106
"p2_27",1.11,1.2104959,0.644444444333333,1.988888889,108
"p2_27",1.14,1.18436766666667,0.388888889,2,108
"p2_27",1.2,1.123788111,0.777777777666667,2.111111111,108
"p2_27",1.25,1.0627805,0.722222222333333,1.66666666666667,108
"p2_27",1.33,1.013306278,0.833333333333333,1.83333333333333,108
"p2_28",1.11,0.831709666666667,0.5,2.16666666666667,120
"p2_28",1.14,0.754701778,0.777777777666667,2.222222222,120
"p2_28",1.2,0.782594511,0.833333333333333,2.24444444433333,120
"p2_28",1.25,0.833238533333333,0.7,2.48888888866667,120
"p2_28",1.33,0.695958,0.833333333333333,2.22222222233333,120
"p2_29",1.11,0.845815889,0.666666666666667,2.99999999966667,116
"p2_29",1.14,0.921717,0.666666666666667,3,116
"p2_29",1.2,0.802631989,0.888888889,2.86666666666667,116
"p2_29",1.25,0.770223222333333,0.777777778,3.05555555566667,116
"p2_29",1.33,0.755366278,0.944444444333333,3.11111111133333,116
"p2_30",1.11,1.93390005566667,0.444444444333333,0.722222222333333,98
"p2_30",1.14,1.9848937,0.711111111333333,1.66666666666667,98
"p2_30",1.2,1.86070466666667,0.888888889,1.55555555566667,98
"p2_30",1.25,1.91771827766667,0.888888888666667,1.22222222233333,98
"p2_30",1.33,1.80451616666667,1,1.38888888866667,98
"p2_32",1.11,0.741123666333333,0.611111111,3.22222222233333,127
"p2_32",1.14,0.725139155666667,0.822222222333333,2.511111111,127
"p2_32",1.2,0.704529333333333,0.888888888666667,2.5,127
"p2_32",1.25,0.7393865,0.833333333333333,3.111111111,127
"p2_32",1.33,0.7250855,0.888888888666667,3.15555555566667,127
"p2_33",1.11,1.08451988866667,0.722222222333333,2.66666666666667,127
"p2_33",1.14,1.06447082233333,1,2.522222222,127
"p2_33",1.2,1.01394583333333,0.888888889,3.16666666666667,127
"p2_33",1.25,0.972414511,0.866666666666667,2.67777777766667,127
"p2_33",1.33,0.855519355666667,1,2.53333333333333,127
"p2_34",1.11,0.759499611,0.7,2.44444444466667,113
"p2_34",1.14,0.764290944666667,0.666666667,3,113
"p2_34",1.2,0.740011611,0.833333333,3.22222222233333,113
"p2_34",1.25,0.826613333333333,0.777777777666667,2.33333333333333,113
"p2_34",1.33,0.740196111,0.944444444333333,3.05555555533333,113
"p2_35",1.11,1.07074038866667,0.555555555666667,3.05555555566667,96
"p2_35",1.14,1.03179955566667,0.833333333,3.38888888866667,96
"p2_35",1.2,1.06644627766667,0.833333333,2.94444444433333,96
"p2_35",1.25,1.11210442233333,0.833333333333333,2.77777777766667,96
"p2_35",1.33,0.917813833333333,0.944444444333333,3.05555555533333,96
"p2_36",1.11,1.42488874433333,0.722222222333333,2.72222222233333,115
"p2_36",1.14,1.438631222,0.611111111,2.52222222233333,115
"p2_36",1.2,1.386890589,0.888888888666667,2.02222222233333,115
"p2_36",1.25,1.4502685,0.888888888666667,2.66666666666667,115
"p2_36",1.33,1.41596833333333,0.888888888666667,2.777777778,115
"p2_37",1.11,0.9202945,0.555555555333333,3.05555555566667,127
"p2_37",1.14,0.664474889,0.666666666666667,2.83333333333333,127
"p2_37",1.2,0.723945778,0.722222222333333,3.33333333333333,127
"p2_37",1.25,0.7634594,0.811111111,3.33333333333333,127
"p2_37",1.33,0.685606666666667,0.877777777666667,3.07777777766667,127
"p2_38",1.11,1.422185722,0.666666666666667,2.65555555566667,113
"p2_38",1.14,1.572729,0.666666666666667,2.5,113
"p2_38",1.2,1.459020389,0.888888888666667,2.22222222233333,113
"p2_38",1.25,1.42990603333333,0.811111111,2.3,113
"p2_38",1.33,1.22038626666667,1,2.04444444433333,113
"p2_39",1.11,0.655644333333333,0.5,3.55555555533333,107
"p2_39",1.14,0.660317111333333,0.755555555333333,3.3,107
"p2_39",1.2,0.623257999666667,0.722222222,4.16666666666667,107
"p2_39",1.25,0.613933911,0.822222222,3.8,107
"p2_39",1.33,0.609561944666667,1,3.77777777766667,107
"p2_4",1.11,1.021063911,0.655555555666667,3,106
"p2_4",1.14,0.828355444666667,0.822222222333333,2.92222222233333,106
"p2_4",1.2,0.900042166666667,0.877777777666667,3.26666666666667,106
"p2_4",1.25,0.856557777666667,0.833333333333333,3.00000000033333,106
"p2_4",1.33,0.770049278,0.833333333,2.83333333333333,106
"p2_40",1.11,0.867169333333333,0.611111111,3.388888889,107
"p2_40",1.14,0.841504111333333,0.666666666666667,3.55555555533333,107
"p2_40",1.2,0.866604889,0.888888888666667,3.5,107
"p2_40",1.25,0.857393255666667,0.655555555333333,3.588888889,107
"p2_40",1.33,0.786497111333333,0.944444444333333,3.888888889,107
"p2_41",1.11,0.751133555666667,0.611111111333333,3.66666666666667,111
"p2_41",1.14,0.748245499666667,0.777777777666667,3.33333333333333,111
"p2_41",1.2,0.680622222,0.833333333,3.16666666666667,111
"p2_41",1.25,0.6895655,0.833333333,4,111
"p2_41",1.33,0.665871167,0.888888889,3.777777778,111
"p2_42",1.11,0.616483566666667,0.766666666666667,4.43333333333333,113
"p2_42",1.14,0.657432611,0.833333333333333,4.111111111,113
"p2_42",1.2,0.652262233333333,0.888888888666667,3.46666666666667,113
"p2_42",1.25,0.625219722333333,1,4.22222222233333,113
"p2_42",1.33,0.598793244333333,0.822222222,3.6,113
"p2_43",1.11,0.698439389,0.611111111333333,1.66666666666667,95
"p2_43",1.14,0.663863022333333,0.722222222333333,2.47777777766667,95
"p2_43",1.2,0.656324777666667,0.611111111,2.66666666633333,95
"p2_43",1.25,0.626156855666667,0.722222222333333,2.2,95
"p2_43",1.33,0.6651009,0.755555555666667,1.822222222,95
"p2_44",1.11,1.307600389,0.666666667,3.111111111,123
"p2_44",1.14,1.24978641133333,0.566666666666667,3.13333333333333,123
"p2_44",1.2,1.1697185,0.777777777666667,2.83333333333333,123
"p2_44",1.25,1.27940744433333,0.888888889,2.77777777766667,123
"p2_44",1.33,1.133825289,0.8,3.4,123
"p2_45",1.11,1.13867711133333,0.611111111333333,3.44444444466667,95
"p2_45",1.14,0.996343889,0.666666666666667,3.66666666666667,95
"p2_45",1.2,1.17253805566667,0.833333333333333,3.27777777766667,95
"p2_45",1.25,1.087276722,0.888888888666667,2.99999999966667,95
"p2_45",1.33,1.03902657766667,0.888888888666667,3.7,95
"p2_46",1.11,0.9956801,0.577777778,3.488888889,109
"p2_46",1.14,0.921852833,0.722222222333333,3.611111111,109
"p2_46",1.2,0.903018611,0.611111111,3.72222222233333,109
"p2_46",1.25,0.860089266666667,0.822222222333333,3.46666666666667,109
"p2_46",1.33,0.838714455666667,0.822222222333333,3.588888889,109
"p2_47",1.11,0.842169789,0.577777778,4.377777778,108
"p2_47",1.14,0.779995389,0.722222222333333,3.44444444466667,108
"p2_47",1.2,0.778283144666667,0.7,2.911111111,108
"p2_47",1.25,0.837190444333333,0.722222222333333,3.16666666666667,108
"p2_47",1.33,0.839058277666667,0.833333333333333,3.66666666666667,108
"p2_9",1.11,1.32907522233333,0.611111111333333,3.833333333,96
"p2_9",1.14,1.25708094433333,0.888888888666667,3.83333333333333,96
"p2_9",1.2,1.26032272233333,0.722222222333333,3.888888889,96
"p2_9",1.25,1.26653516666667,0.833333333333333,4.11111111133333,96
"p2_9",1.33,1.23929449966667,1,3.94444444433333,96
"p3_1",1.11,1.23712322233333,0.611111111,2.388888889,120
"p3_1",1.14,1.11488937766667,0.822222222333333,2.42222222233333,120
"p3_1",1.2,1.18260672233333,0.944444444333333,2.222222222,120
"p3_1",1.25,1.04121283333333,1,2.722222222,120
"p3_1",1.33,1.088499489,1,2.75555555566667,120
"p3_10",1.11,0.752840278,0.722222222333333,1.188888889,110
"p3_10",1.14,0.689369444666667,0.888888888666667,1.16666666666667,110
"p3_10",1.2,0.748032589,0.766666666666667,1.22222222233333,110
"p3_10",1.25,0.751242194333333,0.722222222,1.22222222233333,110
"p3_10",1.33,0.733947555666667,0.877777777666667,1.41111111133333,110
"p3_11",1.11,1.02046933333333,0.666666667,1.611111111,118
"p3_11",1.14,0.919330555333333,0.666666666666667,1.8,118
"p3_11",1.2,0.944405,0.666666667,1.55555555533333,118
"p3_11",1.25,0.973979055666667,0.666666666666667,1.77777777766667,118
"p3_11",1.33,0.97596925,0.694444444666667,1.47222222233333,118
"p3_12",1.11,0.953641189,0.522222222333333,1.9,101
"p3_12",1.14,0.987092855333333,0.877777777666667,1.777777778,101
"p3_12",1.2,0.922666555666667,0.833333333333333,1.61111111133333,101
"p3_12",1.25,0.991310377666667,1,2.23333333333333,101
"p3_12",1.33,0.802554333666667,1,1.94444444433333,101
"p3_13",1.11,1.14949557766667,0.533333333333333,2.03333333333333,113
"p3_13",1.14,1.22850466666667,0.555555555333333,2.16666666666667,113
"p3_13",1.2,1.21685055566667,0.722222222333333,2.27777777766667,113
"p3_13",1.25,1.24390155566667,0.777777777666667,2.111111111,113
"p3_13",1.33,1.14137268866667,0.766666666666667,2.377777778,113
"p3_14",1.11,1.09370316666667,0.611111111333333,3.05555555533333,102
"p3_14",1.14,1.02756927766667,0.833333333,2.55555555566667,102
"p3_14",1.2,1.04466016666667,0.944444444333333,2.99999999966667,102
"p3_14",1.25,1.01594288866667,0.777777777666667,2.72222222233333,102
"p3_14",1.33,1.106509389,0.888888888666667,2.888888889,102
"p3_15",1.11,1.270915667,0.444444444333333,2.44444444433333,120
"p3_15",1.14,1.15643424466667,0.577777778,2.94444444433333,120
"p3_15",1.2,1.21716894466667,0.888888889,2.55555555566667,120
"p3_15",1.25,1.216817111,1,2.77777777766667,120
"p3_15",1.33,1.01787033333333,0.888888888666667,2.44444444466667,120
"p3_16",1.11,0.8384735,0.722222222333333,3.166666667,105
"p3_16",1.14,0.8663795,0.722222222,2.777777778,105
"p3_16",1.2,0.764111222333333,0.888888888666667,2.888888889,105
"p3_16",1.25,0.838904333333333,0.944444444333333,3,105
"p3_16",1.33,0.773692416666667,0.861111111,3.16666666666667,105
"p3_17",1.11,0.761244166666667,0.5,3.33333333333333,97
"p3_17",1.14,0.8098965,0.666666666333333,3.16666666666667,97
"p3_17",1.2,0.762295722,0.722222222333333,3.11111111133333,97
"p3_17",1.25,0.762182655666667,0.866666666666667,3.26666666666667,97
"p3_17",1.33,0.741493389,0.833333333333333,3.44444444466667,97
"p3_18",1.11,1.04892132233333,0.633333333333333,2.822222222,118
"p3_18",1.14,0.921216555666667,0.555555555666667,2.94444444433333,118
"p3_18",1.2,1.064852422,0.533333333333333,2.27777777766667,118
"p3_18",1.25,0.98408425,0.694444444333333,3.11111111133333,118
"p3_18",1.33,0.933812277666667,0.833333333333333,2.83333333333333,118
"p3_19",1.11,0.949173333333333,0.644444444333333,3.04444444433333,118
"p3_19",1.14,0.958601044666667,0.7,2.64444444433333,118
"p3_19",1.2,0.929282833333333,0.766666666666667,3.32222222233333,118
"p3_19",1.25,0.954496111,0.833333333333333,2.688888889,118
"p3_19",1.33,0.817532777666667,0.888888888666667,3.16666666666667,118
"p3_20",1.11,1.82529893333333,0.655555555666667,2.68888888866667,120
"p3_20",1.14,1.873935522,0.822222222,2.711111111,120
"p3_20",1.2,1.89373441133333,0.811111111,2.68888888866667,120
"p3_20",1.25,1.90449055566667,1,2.6,120
"p3_20",1.33,1.63338892233333,0.944444444333333,2.54444444466667,120
"p3_21",1.11,0.870282944333333,0.555555555666667,2.66666666666667,95
"p3_21",1.14,0.828211011,0.833333333333333,3.06666666666667,95
"p3_21",1.2,0.838181155666667,0.822222222333333,2.64444444433333,95
"p3_21",1.25,0.876513889,0.833333333333333,2.5,95
"p3_21",1.33,0.745197166666667,0.833333333333333,2.833333333,95
"p3_22",1.11,2.07517375,0.638888889,3.27777777766667,117
"p3_22",1.14,2.088852611,0.722222222333333,2.777777778,117
"p3_22",1.2,1.9871378,0.888888889,2.76666666666667,117
"p3_22",1.25,2.023831,0.833333333,2.611111111,117
"p3_22",1.33,2.00556238866667,0.888888888666667,3.05555555533333,117
"p3_23",1.11,0.999305055666667,0.555555555666667,2.94444444433333,112
"p3_23",1.14,0.960549189,0.811111111,2.5,112
"p3_23",1.2,0.841295288666667,0.811111111,2.611111111,112
"p3_23",1.25,0.867256777666667,0.833333333333333,2.55555555566667,112
"p3_23",1.33,0.890893555666667,0.944444444333333,2.222222222,112
"p3_24",1.11,0.7275152,0.666666666666667,2.73333333333333,112
"p3_24",1.14,0.762498244333333,0.733333333333333,3.05555555566667,112
"p3_24",1.2,0.751994277666667,0.777777778,2.66666666633333,112
"p3_24",1.25,0.8612145,0.777777778,3.16666666633333,112
"p3_24",1.33,0.692412722333333,0.666666666666667,3.05555555566667,112
"p3_25",1.11,0.723547166666667,0.777777778,3.777777778,101
"p3_25",1.14,0.760983778,0.666666666333333,3.277777778,101
"p3_25",1.2,0.7394259,0.811111111,3.9,101
"p3_25",1.25,0.763874166666667,0.777777777666667,3.777777778,101
"p3_25",1.33,0.746856555666667,0.888888888666667,3.222222222,101
"p3_26",1.11,1.29952253333333,0.577777778,1.95555555566667,112
"p3_26",1.14,1.12686972233333,0.722222222333333,2.05555555533333,112
"p3_26",1.2,1.320476111,0.722222222333333,2,112
"p3_26",1.25,1.26166685566667,0.944444444333333,2.34444444433333,112
"p3_26",1.33,1.1192425,1,2.33333333333333,112
"p3_28",1.11,0.801018855666667,0.644444444666667,1.4,71
"p3_28",1.14,0.859592444333333,0.766666666666667,1.822222222,71
"p3_28",1.2,0.793703311,0.766666666666667,1.36666666666667,71
"p3_28",1.25,0.80816,0.833333333,1.388888889,71
"p3_28",1.33,0.803205111,1,1.42222222233333,71
"p3_29",1.11,0.908667944666667,0.7,1.28888888866667,132
"p3_29",1.14,0.922618666666667,0.777777777666667,1.55555555533333,132
"p3_29",1.2,0.931813777666667,0.888888889,1.34444444433333,132
"p3_29",1.25,1.02509133333333,0.833333333333333,1.72222222233333,132
"p3_29",1.33,0.874670227666667,0.605555555666667,1.8,132
"p3_30",1.11,1.396543389,0.722222222,1.888888889,120
"p3_30",1.14,1.20465895566667,0.833333333333333,2.28888888866667,120
"p3_30",1.2,1.20565292233333,0.944444444333333,1.77777777766667,120
"p3_30",1.25,1.25262566666667,0.777777777666667,1.94444444433333,120
"p3_30",1.33,1.192665411,0.944444444333333,2.13333333333333,120
"p3_31",1.11,0.808419744333333,0.722222222333333,2.94444444433333,123
"p3_31",1.14,0.792074278,0.833333333,3.05555555566667,123
"p3_31",1.2,0.757097666666667,0.944444444333333,2.94444444433333,123
"p3_31",1.25,0.783804611333333,0.722222222333333,2.66666666666667,123
"p3_31",1.33,0.833309433333333,0.7,2.43333333333333,123
"p3_32",1.11,0.951705389,0.555555555666667,3.05555555533333,104
"p3_32",1.14,1.09824233333333,0.644444444666667,3.22222222233333,104
"p3_32",1.2,0.980062888666667,0.722222222,2.83333333333333,104
"p3_32",1.25,0.942517311,1,2.82222222233333,104
"p3_32",1.33,0.961590044333333,0.822222222333333,2.94444444433333,104
"p3_33",1.11,0.839291266666667,0.744444444333333,3.04444444433333,123
"p3_33",1.14,0.840272777666667,0.944444444333333,3.222222222,123
"p3_33",1.2,0.852269411,0.755555555333333,3.14444444466667,123
"p3_33",1.25,0.842860166666667,0.833333333333333,3.33333333333333,123
"p3_33",1.33,0.875429155333333,0.811111111,3.12222222233333,123
"p3_34",1.11,1.02969823333333,0.544444444333333,3.04444444433333,123
"p3_34",1.14,0.9330598,0.877777777666667,2.488888889,123
"p3_34",1.2,0.934513111,0.888888888666667,3.66666666666667,123
"p3_34",1.25,0.911626978,0.933333333333333,3.088888889,123
"p3_34",1.33,0.873017666666667,0.944444444333333,3.05555555533333,123
"p3_35",1.11,1.1056472,0.755555555333333,3.3,118
"p3_35",1.14,1.55492672233333,0.833333333333333,2.83333333333333,118
"p3_35",1.2,1.27077816666667,0.888888888666667,2.55555555566667,118
"p3_35",1.25,1.10318797766667,0.888888889,3.18888888866667,118
"p3_35",1.33,0.984438155666667,1,2.588888889,118
"p3_36",1.11,1.14874565566667,0.766666666666667,3.711111111,123
"p3_36",1.14,1.13065766633333,0.777777777666667,3.49999999966667,123
"p3_36",1.2,1.17483883333333,0.944444444333333,3.00000000033333,123
"p3_36",1.25,1.07742277766667,0.888888888666667,3.55555555566667,123
"p3_36",1.33,1.049129489,1,3.588888889,123
"p3_37",1.11,0.735086133333333,0.477777777666667,2.68888888866667,91
"p3_37",1.14,0.682989,0.722222222333333,2.44444444433333,91
"p3_37",1.2,0.703994000333333,0.555555555666667,3.111111111,91
"p3_37",1.25,0.748223133333333,0.655555555666667,2.94444444466667,91
"p3_37",1.33,0.663341322333333,0.711111111,3.03333333333333,91
"p3_38",1.11,1.71134166666667,0.611111111,2.66666666666667,95
"p3_38",1.14,1.70354199966667,0.833333333333333,2.83333333333333,95
"p3_38",1.2,1.78846399966667,0.722222222333333,2.66666666666667,95
"p3_38",1.25,1.51794144433333,0.944444444333333,3.46666666666667,95
"p3_38",1.33,1.460542,1,3.05555555566667,95
"p3_39",1.11,0.864824066666667,0.755555555666667,2.75555555566667,123
"p3_39",1.14,0.822734166666667,0.677777777666667,2.86666666666667,123
"p3_39",1.2,0.785320833333333,0.611111111333333,1.94444444466667,123
"p3_39",1.25,0.805325522333333,0.766666666666667,2.74444444433333,123
"p3_39",1.33,0.798982444333333,0.833333333333333,2,123
"p3_40",1.11,0.860341689,0.944444444333333,3.97777777766667,108
"p3_40",1.14,0.930118644333333,0.744444444333333,3.54444444433333,108
"p3_40",1.2,0.885642666666667,0.888888888666667,3.27777777766667,108
"p3_40",1.25,0.903689277666667,0.944444444333333,3.44444444433333,108
"p3_40",1.33,0.819300566666667,1,3.67777777766667,108
"p3_41",1.11,1.79013216666667,0.777777777666667,2.61111111133333,101
"p3_41",1.14,1.81380416633333,0.611111111333333,2.72222222233333,101
"p3_41",1.2,1.66967473333333,0.755555555666667,2.722222222,101
"p3_41",1.25,1.813346789,0.866666666666667,2.47777777766667,101
"p3_41",1.33,1.373562111,0.888888888666667,2.94444444433333,101
"p3_42",1.11,0.669303,0.555555555333333,4.111111111,103
"p3_42",1.14,0.646328611,0.777777777666667,3.88888888866667,103
"p3_42",1.2,0.677358266666667,0.733333333333333,3.33333333333333,103
"p3_42",1.25,0.6610071,0.8,3.76666666666667,103
"p3_42",1.33,0.617437444666667,1,3.777777778,103
"p3_43",1.11,1.09676137766667,0.711111111,3.588888889,123
"p3_43",1.14,0.95292,0.777777777666667,3.83333333333333,123
"p3_43",1.2,0.869513889,0.888888888666667,3.22222222233333,123
"p3_43",1.25,0.851744011333333,0.944444444333333,3.27777777766667,123
"p3_43",1.33,0.835726166333333,0.833333333333333,3.72222222233333,123
"p3_44",1.11,0.889565055666667,0.722222222333333,3.55555555566667,108
"p3_44",1.14,0.994821933333333,0.933333333333333,3.42222222233333,108
"p3_44",1.2,0.843779222333333,0.888888888666667,3.61111111133333,108
"p3_44",1.25,0.850521222,0.888888888666667,3.38888888866667,108
"p3_44",1.33,0.799764511,1,3.56666666666667,108
"p3_45",1.11,1.25793572233333,0.722222222333333,3.5,111
"p3_45",1.14,1.096780778,0.833333333333333,3.722222222,111
"p3_45",1.2,1.12898425533333,0.711111111333333,3.16666666666667,111
"p3_45",1.25,1.15197632233333,0.944444444333333,3.37777777766667,111
"p3_45",1.33,1.01306305566667,1,3.77777777766667,111
"p3_46",1.11,0.910469555333333,0.722222222333333,4.16666666633333,120
"p3_46",1.14,0.8625395,0.944444444333333,4.11111111133333,120
"p3_46",1.2,0.943167166666667,0.888888889,4.22222222233333,120
"p3_46",1.25,0.840383722,1,4.41111111133333,120
"p3_46",1.33,0.739747011,0.888888888666667,4.2,120
"p3_47",1.11,1.17209573333333,0.766666666666667,3.677777778,107
"p3_47",1.14,1.14709111133333,0.833333333333333,3.777777778,107
"p3_47",1.2,1.1526965,0.944444444333333,3.94444444466667,107
"p3_47",1.25,1.16241342233333,0.877777777666667,3.622222222,107
"p3_47",1.33,1.098049278,1,3.611111111,107
"p3_48",1.11,1.05416494433333,0.777777777666667,3.55555555566667,115
"p3_48",1.14,0.995537888666667,0.833333333333333,3.66666666666667,115
"p3_48",1.2,0.961551355666667,0.688888888666667,3.24444444433333,115
"p3_48",1.25,0.986840444333333,1,3.611111111,115
"p3_48",1.33,0.9257555,0.944444444333333,3.722222222,115
"p3_49",1.11,2.10668686666667,0.8,2.86666666666667,108
"p3_49",1.14,2.13527316666667,0.577777778,3.06666666666667,108
"p3_49",1.2,2.03581793333333,0.755555555666667,2.511111111,108
"p3_49",1.25,2.088949111,0.944444444333333,2.61111111133333,108
"p3_49",1.33,1.98195277766667,1,2.55555555566667,108
"p3_50",1.11,1.2399551,0.533333333333333,2.4,123
"p3_50",1.14,0.946129122,0.588888889,2.45555555533333,123
"p3_50",1.2,0.827837222,0.888888889,1.877777778,123
"p3_50",1.25,0.896669389,0.888888888666667,2.222222222,123
"p3_50",1.33,0.979133111333333,0.888888888666667,2.22222222233333,123
"p3_51",1.11,1.28440613333333,0.555555555666667,3.011111111,109
"p3_51",1.14,1.16014933333333,0.722222222333333,3.22222222233333,109
"p3_51",1.2,1.11897501133333,0.822222222333333,3.14444444433333,109
"p3_51",1.25,1.02730744433333,0.888888889,3.33333333333333,109
"p3_51",1.33,1.07106624433333,1,3.46666666666667,109
"p3_52",1.11,0.784962533333333,0.577777777666667,3.74444444466667,118
"p3_52",1.14,0.788699077666667,0.644444444666667,4.15555555566667,118
"p3_52",1.2,0.815780611333333,0.833333333,3.5,118
"p3_52",1.25,0.793291055666667,0.833333333333333,3.222222222,118
"p3_52",1.33,0.816077444333333,0.888888888666667,3.888888889,118
"p3_53",1.11,0.849682455666667,0.722222222,3.55555555566667,108
"p3_53",1.14,0.847618444666667,0.666666667,3.77777777766667,108
"p3_53",1.2,0.860532822333333,0.944444444333333,3.95555555566667,108
"p3_53",1.25,0.774496,0.888888888666667,3.66666666666667,108
"p3_53",1.33,0.7430535,0.944444444333333,4.05555555533333,108
"p3_54",1.11,0.857570944333333,0.472222222333333,4.19444444433333,113
"p3_54",1.14,0.710920444333333,0.666666666666667,3.83333333333333,113
"p3_54",1.2,0.765714555333333,0.833333333333333,4,113
"p3_54",1.25,0.728126666666667,0.944444444333333,3.577777778,113
"p3_54",1.33,0.742039111333333,0.944444444333333,3.611111111,113
"p3_55",1.11,0.776861433333333,0.777777777666667,4.12222222233333,113
"p3_55",1.14,0.817559333333333,0.888888889,4.38888888866667,113
"p3_55",1.2,0.745930444666667,0.777777777666667,4.33333333333333,113
"p3_55",1.25,0.690750933333333,0.933333333333333,4.72222222233333,113
"p3_55",1.33,0.798119422333333,0.822222222,4.75555555566667,113
"p3_56",1.11,0.933948955333333,0.755555555333333,3.83333333333333,111
"p3_56",1.14,1.028198111,0.888888888666667,3.61111111133333,111
"p3_56",1.2,1.00637938866667,0.888888889,3.55555555566667,111
"p3_56",1.25,0.879156811,0.933333333333333,4.08888888866667,111
"p3_56",1.33,0.912880333666667,0.666666666666667,3.5,111
"p3_57",1.11,1.22560916666667,0.722222222,3.44444444433333,97
"p3_57",1.14,1.141252722,0.527777778,3.222222222,97
"p3_57",1.2,1.14963696666667,0.566666666666667,3.1,97
"p3_57",1.25,1.09658305533333,0.888888888666667,3.333333333,97
"p3_57",1.33,1.09918122233333,0.944444444333333,3.277777778,97
"p3_58",1.11,1.09643316666667,0.833333333333333,2.911111111,118
"p3_58",1.14,1.086857611,0.666666666666667,3.33333333333333,118
"p3_58",1.2,1.050649278,0.611111111333333,3.49999999966667,118
"p3_58",1.25,1.079405778,0.833333333333333,3.94444444433333,118
"p3_58",1.33,1.06682188866667,1,3.55555555566667,118
"p3_59",1.11,0.992374722,0.666666667,3.99999999966667,113
"p3_59",1.14,0.974316589,0.666666666666667,4.32222222233333,113
"p3_59",1.2,0.925515366666667,0.711111111333333,4.16666666666667,113
"p3_59",1.25,0.800305344333333,0.822222222333333,3.677777778,113
"p3_59",1.33,0.838446722,0.833333333333333,4.388888889,113
"p3_60",1.11,0.8337974,0.622222222333333,4.55555555566667,115
"p3_60",1.14,0.839311833666667,0.666666666666667,4.388888889,115
"p3_60",1.2,0.858346888666667,0.833333333333333,4.222222222,115
"p3_60",1.25,0.812628167,0.833333333333333,4.55555555533333,115
"p3_60",1.33,0.822830277666667,1,4.388888889,115
"p3_61",1.11,0.920895333333333,0.611111111333333,3.16666666666667,97
"p3_61",1.14,1.02316991133333,0.688888888666667,3.36666666666667,97
"p3_61",1.2,0.901814611333333,0.555555555666667,3.611111111,97
"p3_61",1.25,0.941346944666667,0.611111111333333,3.277777778,97
"p3_61",1.33,0.965626444666667,0.833333333333333,3.83333333333333,97
"p3_62",1.11,1.060442989,0.822222222,3.52222222233333,108
"p3_62",1.14,1.14267256666667,0.755555555666667,3.84444444433333,108
"p3_62",1.2,1.1383289,0.755555555333333,3.36666666666667,108
"p3_62",1.25,1.20468133333333,0.888888888666667,3.55555555566667,108
"p3_62",1.33,1.107983711,0.766666666666667,3.288888889,108
"p3_63",1.11,1.28298834433333,0.644444444333333,3.06666666666667,100
"p3_63",1.14,1.238007111,0.722222222333333,4,100
"p3_63",1.2,1.248883322,0.7,3.45555555566667,100
"p3_63",1.25,1.24695844433333,0.944444444333333,3.277777778,100
"p3_63",1.33,1.08808672233333,0.933333333333333,3.44444444433333,100
"p3_64",1.11,1.05087183333333,0.611111111,3.05555555566667,88
"p3_64",1.14,0.998290266666667,0.744444444333333,3.388888889,88
"p3_64",1.2,1.03937193333333,0.633333333333333,3.31111111133333,88
"p3_64",1.25,0.990453678,0.888888889,3.4,88
"p3_64",1.33,1.05799537766667,0.877777777666667,3.05555555533333,88
"p3_65",1.11,0.754203333333333,0.555555555333333,4.44444444466667,99
"p3_65",1.14,0.717112055666667,0.666666666666667,4.111111111,99
"p3_65",1.2,0.692395944333333,0.555555555333333,4.388888889,99
"p3_65",1.25,0.668522499666667,0.611111111333333,4.05555555566667,99
"p3_65",1.33,0.611040778,0.888888888666667,4.277777778,99
"p3_66",1.11,0.860794177666667,0.633333333333333,3.88888888866667,102
"p3_66",1.14,0.79672525,0.722222222333333,4.55555555533333,102
"p3_66",1.2,0.860954944333333,0.644444444666667,3.86666666666667,102
"p3_66",1.25,0.787751111,0.833333333,4.44444444433333,102
"p3_66",1.33,0.788988189,0.888888889,3.888888889,102
"p3_67",1.11,0.966791555666667,0.777777777666667,3.72222222233333,107
"p3_67",1.14,0.952589477666667,0.833333333333333,3.95555555533333,107
"p3_67",1.2,0.910289344333333,0.877777777666667,3.84444444433333,107
"p3_67",1.25,0.990463222333333,0.833333333333333,3.77777777766667,107
"p3_67",1.33,1.00223338866667,1,3.94444444466667,107
"p3_68",1.11,0.858856789,0.533333333333333,4.488888889,100
"p3_68",1.14,0.942717833666667,0.611111111,3.49999999966667,100
"p3_68",1.2,0.904960389,0.888888889,4.388888889,100
"p3_68",1.25,0.858247444333333,0.888888888666667,4.38888888866667,100
"p3_68",1.33,0.782250711333333,0.944444444333333,4.277777778,100
"p3_69",1.11,0.634963855333333,0.711111111,4.522222222,107
"p3_69",1.14,0.683795611,0.833333333,4.44444444466667,107
"p3_69",1.2,0.715942444666667,0.5,4.50000000033333,107
"p3_69",1.25,0.680719233333333,0.644444444333333,4.511111111,107
"p3_69",1.33,0.639731944333333,0.777777778,4.44444444466667,107
"p3_70",1.11,1.160647622,0.755555555666667,3.722222222,100
"p3_70",1.14,1.19459446666667,0.7,3.81111111133333,100
"p3_70",1.2,1.09565723333333,0.733333333333333,3.93333333333333,100
"p3_70",1.25,1.17458244433333,0.833333333,4.05555555566667,100
"p3_70",1.33,0.984330222,0.944444444333333,3.611111111,100
"p3_71",1.11,1.02974144433333,0.777777777666667,4.05555555566667,105
"p3_71",1.14,1.07109161133333,0.722222222,3.22222222233333,105
"p3_71",1.2,1.041029,0.711111111333333,3.42222222233333,105
"p3_71",1.25,0.982344066666667,1,3.64444444433333,105
"p3_71",1.33,0.987300755666667,0.933333333333333,3.511111111,105
"p3_72",1.11,1.34544130566667,0.638888889,3.47222222233333,106
"p3_72",1.14,1.34197993333333,0.944444444333333,2.877777778,106
"p3_72",1.2,1.33821222233333,0.777777777666667,2.94444444433333,106
"p3_72",1.25,1.38970594466667,0.944444444333333,3.05555555566667,106
"p3_72",1.33,1.12769650033333,0.944444444333333,3.55555555566667,106
"p3_73",1.11,1.04798563333333,0.644444444333333,2,105
"p3_73",1.14,0.750825,0.777777777666667,2.33333333333333,105
"p3_73",1.2,0.705557577666667,0.888888888666667,2.22222222233333,105
"p3_73",1.25,0.803948777666667,0.777777777666667,1.888888889,105
"p3_73",1.33,0.814005111,0.888888889,2.61111111133333,105
"p3_74",1.11,1.221389911,0.6,2.42222222233333,107
"p3_74",1.14,1.27024715533333,0.7,2.66666666666667,107
"p3_74",1.2,1.21268550033333,0.722222222333333,3.05555555566667,107
"p3_74",1.25,1.30635777766667,0.722222222333333,2.488888889,107
"p3_74",1.33,1.12692344466667,0.833333333333333,3.11111111133333,107
"p3_75",1.11,1.12907405566667,0.666666666666667,3.05555555566667,99
"p3_75",1.14,0.879363277666667,0.7,2.93333333333333,99
"p3_75",1.2,1.02452886666667,0.833333333333333,3.34444444433333,99
"p3_75",1.25,0.901328722333333,0.666666667,2.72222222233333,99
"p3_75",1.33,0.978334,0.888888889,3.111111111,99
"p3_76",1.11,0.704305277666667,0.722222222333333,3.888888889,107
"p3_76",1.14,0.700961778,0.611111111,3.66666666666667,107
"p3_76",1.2,0.696313944666667,0.777777777666667,3.77777777766667,107
"p3_76",1.25,0.703357166666667,0.777777777666667,4.11111111133333,107
"p3_76",1.33,0.6848836,0.822222222,3.711111111,107
"p3_77",1.11,1.13089544433333,0.722222222333333,2.55555555566667,120
"p3_77",1.14,1.12952355566667,1,3.16666666666667,120
"p3_77",1.2,0.971443333333333,0.777777777666667,3.94444444466667,120
"p3_77",1.25,0.965412944666667,0.944444444333333,3.55555555566667,120
"p3_77",1.33,0.980030055666667,1,3.16666666633333,120
"p3_78",1.11,1.02675967766667,0.555555555666667,3.9,93
"p3_78",1.14,1.07597966666667,0.777777777666667,3.44444444466667,93
"p3_78",1.2,1.017284611,0.555555555333333,3.55555555566667,93
"p3_78",1.25,0.875775989,0.866666666666667,3.57777777766667,93
"p3_78",1.33,0.939130533333333,1,3.74444444433333,93
"p3_79",1.11,0.786605633333333,0.755555555333333,4.2,118
"p3_79",1.14,0.818597977666667,0.477777777666667,4.27777777766667,118
"p3_79",1.2,0.794316344333333,0.877777777666667,3.86666666666667,118
"p3_79",1.25,0.793692,0.722222222333333,3.722222222,118
"p3_79",1.33,0.671295033333333,0.833333333333333,4.21111111133333,118
"p3_80",1.11,0.621327489,0.822222222333333,3.73333333333333,104
"p3_80",1.14,0.613045167,0.555555555666667,4.16666666666667,104
"p3_80",1.2,0.590580277666667,0.555555555666667,4.333333333,104
"p3_80",1.25,0.611174922,0.822222222333333,3.9,104
"p3_80",1.33,0.622023944333333,0.833333333333333,4.77777777766667,104
"p3_81",1.11,1.13117545533333,0.7,4.088888889,112
"p3_81",1.14,1.03988094466667,0.611111111,4.05555555566667,112
"p3_81",1.2,1.138694,0.722222222333333,3.44444444433333,112
"p3_81",1.25,1.013644089,0.944444444333333,4.1,112
"p3_81",1.33,1.07443772233333,1,4,112
"p3_82",1.11,1.04593355566667,0.344444444666667,3.03333333333333,99
"p3_82",1.14,1.149469222,0.611111111333333,3.44444444466667,99
"p3_82",1.2,1.01538455566667,0.888888888666667,3.33333333333333,99
"p3_82",1.25,0.934357366666667,0.944444444333333,3.111111111,99
"p3_82",1.33,1.03542775566667,0.877777777666667,2.92222222233333,99
"p3_83",1.11,1.12507471133333,0.766666666666667,3.277777778,103
"p3_83",1.14,1.05129488866667,0.777777778,3.66666666633333,103
"p3_83",1.2,1.071735222,0.833333333,4,103
"p3_83",1.25,1.009947311,0.944444444333333,3.61111111133333,103
"p3_83",1.33,0.988463666666667,1,3.16666666666667,103
"p3_84",1.11,1.208841,0.555555555333333,3,118
"p3_84",1.14,0.951326666666667,0.5,2.27777777766667,118
"p3_84",1.2,1.18008127766667,0.833333333333333,2.75555555566667,118
"p3_84",1.25,0.873497611,0.777777777666667,3.72222222233333,118
"p3_84",1.33,1.042780222,0.944444444333333,2.611111111,118
"p3_85",1.11,1.057380411,0.688888889,3.45555555566667,106
"p3_85",1.14,0.751673277666667,0.722222222333333,2.77777777766667,106
"p3_85",1.2,0.802858866666667,0.833333333333333,2.95555555566667,106
"p3_85",1.25,0.901558489,0.944444444333333,2.611111111,106
"p3_85",1.33,0.749964678,0.944444444333333,2.93333333333333,106
"p3_86",1.11,0.906844333333333,0.566666666666667,2.57777777766667,120
"p3_86",1.14,0.804529444333333,0.722222222,2.22222222233333,120
"p3_86",1.2,0.879822666666667,0.888888888666667,2.33333333333333,120
"p3_86",1.25,0.821718978,0.933333333333333,2.12222222233333,120
"p3_86",1.33,0.854391944333333,0.888888888666667,1.888888889,120
"p3_87",1.11,0.615868166666667,0.744444444333333,3.788888889,101
"p3_87",1.14,0.659614888666667,0.722222222,3.277777778,101
"p3_87",1.2,0.638268889,0.722222222333333,3.83333333333333,101
"p3_87",1.25,0.6368285,0.666666667,3.77777777766667,101
"p3_87",1.33,0.601022655666667,0.744444444333333,3.77777777766667,101
